{"cameraMode":{"drawMode":0,"name":"Shaded","section":"Shading Mode"},"sceneLighting":true,"audioPlay":false,"sceneViewState":{"showFog":true,"showMaterialUpdate":false,"showSkybox":true,"showFlares":true,"showImageEffects":true,"showParticleSystems":true},"in2DMode":false,"pivot":{"x":-14.932415008544922,"y":1.0833334922790528,"z":8.782472610473633},"rotation":{"x":-0.0033702473156154157,"y":0.9864683151245117,"z":-0.16274134814739228,"w":-0.020725160837173463},"size":37.97245407104492,"orthographic":true}