{"cameraMode":{"drawMode":0,"name":"Shaded","section":"Shading Mode"},"sceneLighting":true,"audioPlay":false,"sceneViewState":{"showFog":true,"showMaterialUpdate":false,"showSkybox":true,"showFlares":true,"showImageEffects":true,"showParticleSystems":true},"in2DMode":false,"pivot":{"x":17.084192276000978,"y":1.0143646001815797,"z":22.115215301513673},"rotation":{"x":-0.004617475438863039,"y":-0.9584364295005798,"z":0.28485947847366335,"w":-0.015531620010733605},"size":20.356740951538087,"orthographic":true}