{"cameraMode":{"drawMode":0,"name":"Shaded","section":"Shading Mode"},"sceneLighting":true,"audioPlay":false,"sceneViewState":{"showFog":true,"showMaterialUpdate":false,"showSkybox":true,"showFlares":true,"showImageEffects":true,"showParticleSystems":true},"in2DMode":false,"pivot":{"x":6.437673568725586,"y":0.6439845561981201,"z":5.901538848876953},"rotation":{"x":0.19062873721122743,"y":-0.779048502445221,"z":0.2820795476436615,"w":0.5264776349067688},"size":24.6977596282959,"orthographic":false}