{"cameraMode":{"drawMode":0,"name":"Shaded","section":"Shading Mode"},"sceneLighting":true,"audioPlay":false,"sceneViewState":{"showFog":true,"showMaterialUpdate":false,"showSkybox":true,"showFlares":true,"showImageEffects":true,"showParticleSystems":true},"in2DMode":false,"pivot":{"x":-20.56877326965332,"y":1.0833333730697632,"z":-17.255823135375978},"rotation":{"x":-0.0033702473156154157,"y":0.9864683151245117,"z":-0.16274134814739228,"w":-0.020725160837173463},"size":17.393917083740236,"orthographic":true}