{"cameraMode":{"drawMode":0,"name":"Shaded","section":"Shading Mode"},"sceneLighting":true,"audioPlay":false,"sceneViewState":{"showFog":true,"showMaterialUpdate":false,"showSkybox":true,"showFlares":true,"showImageEffects":true,"showParticleSystems":true},"in2DMode":false,"pivot":{"x":17.034015655517579,"y":1.0143646001815797,"z":20.99433135986328},"rotation":{"x":0.2904030680656433,"y":-0.21158695220947267,"z":0.06600789725780487,"w":0.9308817982673645},"size":7.717801570892334,"orthographic":true}