{"cameraMode":{"drawMode":0,"name":"Shaded","section":"Shading Mode"},"sceneLighting":true,"audioPlay":false,"sceneViewState":{"showFog":true,"showMaterialUpdate":false,"showSkybox":true,"showFlares":true,"showImageEffects":true,"showParticleSystems":true},"in2DMode":false,"pivot":{"x":32.802703857421878,"y":1.0833334922790528,"z":26.018997192382814},"rotation":{"x":-0.0029726997017860414,"y":0.9961468577384949,"z":-0.07936113327741623,"w":-0.037374041974544528},"size":9.503413200378418,"orthographic":true}