{"cameraMode":{"drawMode":0,"name":"Shaded","section":"Shading Mode"},"sceneLighting":true,"audioPlay":false,"sceneViewState":{"showFog":true,"showMaterialUpdate":false,"showSkybox":true,"showFlares":true,"showImageEffects":true,"showParticleSystems":true},"in2DMode":false,"pivot":{"x":-0.23203682899475099,"y":0.7945461273193359,"z":0.09966546297073364},"rotation":{"x":-0.0003147429961245507,"y":-0.9994120597839356,"z":0.03449283540248871,"w":-0.006587662268429995},"size":3.0855560302734377,"orthographic":true}