{"cameraMode":{"drawMode":0,"name":"Shaded","section":"Shading Mode"},"sceneLighting":true,"audioPlay":false,"sceneViewState":{"showFog":true,"showMaterialUpdate":false,"showSkybox":true,"showFlares":true,"showImageEffects":true,"showParticleSystems":true},"in2DMode":false,"pivot":{"x":15.442778587341309,"y":1.0143646001815797,"z":3.145193338394165},"rotation":{"x":0.03287743404507637,"y":-0.9579041600227356,"z":0.12221258878707886,"w":0.2576930820941925},"size":8.216851234436036,"orthographic":true}