{"cameraMode":{"drawMode":0,"name":"Shaded","section":"Shading Mode"},"sceneLighting":true,"audioPlay":false,"sceneViewState":{"showFog":true,"showMaterialUpdate":false,"showSkybox":true,"showFlares":true,"showImageEffects":true,"showParticleSystems":true},"in2DMode":false,"pivot":{"x":0.0445885956287384,"y":0.8616736531257629,"z":0.16129222512245179},"rotation":{"x":-0.00022381429153028876,"y":-0.9995006322860718,"z":0.030892085283994676,"w":-0.00720059871673584},"size":4.550535202026367,"orthographic":true}